duration,GCB_1,GCB_2,GCB_3,GCB_4,GCB_5,GCB_6,GCB_7,GCB_8,GCB_9,GCB_10,GCB_11,GCB_12,GCB_13,GCB_14,GCB_15,BCTI_1,BCTI_2,BCTI_3,BCTI_4,BCTI_5,BCTI_6,BCTI_7,BCTI_8,BCTI_9,BCTI_10,BCTI_11,BCTI_12,BCTI_13,BCTI_14,BCTI_15,SIC,gender,age,edu_lv,employment,f.Gender,rndSel
366,2,1,5,4,2,3,2,5,2,2,4,3,3,2,5,1,1,1,1,8,1,9,1,6,9,1,4,3,1,1,3,1,36,1,6,Men,1
663,1,2,1,1,2,1,1,1,4,4,3,2,1,1,3,1,1,5,1,4,2,1,1,6,1,3,5,5,5,2,7,1,42,2,3,Men,1
802,3,3,2,4,4,2,3,3,4,4,3,4,4,2,5,4,4,7,4,5,4,4,4,6,5,6,5,4,6,5,6,1,43,4,3,Men,1
857,4,2,3,2,2,2,2,4,3,4,2,3,2,4,4,5,5,6,2,5,2,4,3,4,4,4,6,3,6,5,6,2,45,4,6,Women,1
718,1,3,2,3,2,2,3,4,4,3,2,4,2,2,4,5,4,5,3,5,1,5,3,5,5,5,5,3,5,4,5,2,53,2,6,Women,1
1570,4,1,2,1,2,3,2,1,4,1,3,1,1,1,5,1,1,8,1,2,5,5,1,6,2,1,3,1,5,2,4,1,47,4,2,Men,1
833,3,4,4,2,3,4,3,4,4,4,2,4,3,4,4,4,4,6,2,5,5,4,4,4,5,3,4,3,6,4,6,2,23,4,1,Women,1
1264,1,1,2,1,2,1,1,2,4,4,2,1,3,2,5,3,5,3,3,4,3,6,2,6,4,6,5,3,4,4,4,2,43,2,2,Women,1
1502,2,2,2,2,2,2,2,2,2,2,2,2,2,2,3,1,2,2,1,2,1,1,1,2,1,1,5,2,1,2,2,1,41,1,3,Men,1
1231,1,2,2,1,1,2,1,2,3,2,3,3,2,1,4,1,5,7,1,5,8,3,5,7,3,3,5,5,7,3,5,1,45,4,1,Men,1
716,1,4,5,2,3,2,3,5,5,4,3,3,4,4,4,6,3,4,5,7,6,9,1,9,9,2,5,5,5,3,2,2,36,3,6,Women,1
577,4,3,1,3,4,4,4,2,4,4,3,3,3,1,3,5,5,5,6,5,8,5,5,6,2,6,5,6,6,5,7,2,42,1,6,Women,1
489,3,4,2,2,4,2,4,3,4,4,4,4,2,4,4,4,5,4,4,6,3,3,5,6,3,6,5,4,6,6,7,2,26,1,2,Women,1
632,5,3,1,2,3,1,3,1,5,4,5,2,1,2,5,1,1,9,1,5,1,1,9,9,1,2,5,5,2,5,5,2,41,4,3,Women,1
401,3,4,2,2,4,3,4,2,3,5,4,3,2,2,5,4,4,8,3,6,2,2,5,4,2,4,5,3,6,3,6,1,43,4,1,Men,1
516,1,1,1,1,1,1,2,1,3,3,1,1,1,1,3,3,3,5,2,5,3,3,4,5,4,5,5,4,5,5,5,1,24,4,5,Men,1
894,3,3,1,2,1,2,3,2,4,2,3,3,3,2,4,1,5,6,2,5,1,5,1,5,5,2,5,3,5,5,4,1,46,4,3,Men,1
249,4,4,3,4,3,3,4,3,4,5,4,5,2,5,4,6,5,7,5,4,4,3,5,4,4,5,5,4,5,5,4,1,54,2,1,Men,1
506,2,4,4,2,2,2,2,5,4,5,2,2,4,2,4,2,6,8,3,3,3,7,2,6,6,3,5,6,6,2,7,2,42,3,6,Women,1
568,3,3,4,3,2,2,2,2,2,4,4,3,3,4,4,3,5,2,3,5,2,3,2,7,2,6,6,2,4,5,8,1,43,1,3,Men,1
826,4,3,3,4,4,3,4,4,4,4,3,4,4,4,3,6,6,5,6,6,4,4,5,7,6,6,6,5,6,5,7,2,38,1,6,Women,1
730,2,2,4,1,2,1,2,4,5,2,4,2,3,4,5,5,6,9,5,7,1,8,3,5,9,7,7,5,8,1,9,1,41,6,1,Men,1
554,1,4,2,3,2,2,3,4,4,2,2,3,4,4,4,4,3,5,4,6,3,4,3,6,4,6,5,4,6,4,3,2,38,4,2,Women,1
575,3,3,2,2,2,3,2,2,4,2,4,2,2,5,4,3,3,5,3,5,1,2,6,5,6,5,5,5,3,5,6,2,45,3,6,Women,1
1099,2,2,3,1,2,1,2,3,4,4,3,4,2,2,4,4,3,2,3,6,5,5,1,7,6,5,5,4,5,3,5,1,52,4,6,Men,1
1313,2,4,2,4,3,3,4,2,4,4,3,5,3,4,4,6,2,7,5,8,2,3,5,8,5,7,5,3,4,6,8,1,32,1,1,Men,1
515,2,3,4,3,3,2,3,4,4,5,4,2,3,2,4,6,5,5,5,5,5,5,6,5,6,7,5,6,8,6,6,2,33,4,2,Women,1
1402,5,5,3,2,3,1,4,3,4,4,4,4,3,2,5,1,7,2,1,7,2,5,7,3,5,7,5,5,9,5,7,2,33,1,6,Women,1
1211,2,1,1,1,1,2,1,1,2,2,2,1,1,1,3,5,2,3,3,3,2,2,3,4,2,4,4,4,3,3,5,2,33,4,3,Women,1
509,2,2,3,1,4,3,2,5,4,4,4,4,4,3,4,6,8,7,2,6,1,5,8,8,5,7,5,2,5,2,7,1,56,4,3,Men,1
1159,3,4,2,3,3,3,2,3,4,4,2,4,4,3,4,5,6,6,6,4,3,4,5,7,5,5,6,5,5,5,6,2,30,2,6,Women,1
894,4,2,3,4,4,3,4,4,5,5,4,4,4,5,5,5,7,7,6,6,8,7,7,7,7,6,6,7,6,7,6,2,31,3,6,Women,1
685,4,4,4,5,4,2,2,2,5,5,4,2,1,5,4,1,1,5,5,6,6,5,5,7,5,8,7,5,9,5,8,1,33,1,1,Men,1
681,4,3,4,2,2,3,2,4,3,5,2,2,4,4,5,4,4,3,3,6,3,5,7,8,4,7,6,6,4,4,7,1,36,4,1,Men,1
1163,3,3,3,2,2,3,3,3,4,3,3,2,4,4,4,5,6,3,5,5,7,5,4,5,5,6,5,5,5,5,7,2,24,3,2,Women,1
784,4,4,4,3,2,1,4,4,4,4,3,4,3,4,5,5,6,6,5,6,6,8,6,9,8,8,5,5,7,5,8,1,36,4,1,Men,1
745,3,4,3,4,4,3,4,4,4,4,3,4,4,3,4,4,5,5,5,5,5,5,4,7,5,6,6,4,5,5,5,2,33,3,6,Women,1
437,2,3,2,2,2,2,3,1,4,4,3,4,3,2,5,6,3,9,4,6,1,4,5,7,5,4,6,4,6,6,6,1,33,4,3,Men,1
1036,2,2,1,3,3,1,3,1,4,3,1,1,1,1,3,2,3,5,1,5,1,1,1,1,1,1,5,5,5,1,5,1,55,4,1,Men,1
1114,1,1,1,1,1,1,1,1,3,4,1,1,1,1,4,1,1,5,1,1,3,1,1,5,1,5,5,5,6,1,3,1,42,4,3,Men,1
802,2,5,3,5,5,2,4,4,5,5,4,4,3,4,5,7,7,4,7,7,2,5,4,7,5,3,7,4,6,6,6,2,59,3,6,Women,1
724,3,2,5,4,2,3,3,5,5,4,2,2,4,3,5,7,9,6,3,6,7,8,2,9,8,9,5,4,6,5,3,2,37,4,6,Women,1
806,2,3,1,3,4,2,4,2,4,4,4,3,1,4,3,1,5,7,1,5,1,1,2,5,1,1,3,1,7,1,8,1,45,1,7,Men,1
591,3,4,4,3,3,2,3,4,4,5,2,4,4,3,4,5,5,6,5,5,7,5,2,6,5,6,5,6,4,4,7,2,28,4,2,Women,1
516,3,5,3,5,4,4,4,3,5,5,4,5,3,5,5,8,8,8,7,5,2,5,6,7,8,5,7,5,7,7,7,1,41,4,1,Men,1
847,3,3,3,2,1,3,2,4,4,5,4,2,2,2,4,4,2,6,2,3,3,2,3,3,3,3,4,2,6,4,6,2,24,4,2,Women,1
600,1,3,1,2,2,2,1,1,4,1,1,2,2,1,4,5,6,1,1,5,1,5,1,5,5,3,5,1,2,5,5,2,53,1,3,Women,1
844,2,2,2,1,2,1,3,2,2,3,2,3,1,2,2,3,3,3,2,4,2,2,2,4,2,4,5,5,4,3,3,1,71,4,7,Men,1
777,3,3,4,3,4,2,4,4,4,4,3,4,4,2,3,5,6,5,5,6,1,8,5,7,5,6,5,4,5,5,7,2,39,3,6,Women,1
531,2,2,2,2,2,1,2,2,2,2,2,2,1,2,3,1,1,4,1,2,1,1,3,2,1,1,2,2,2,3,6,2,41,4,1,Women,1
539,4,,5,3,4,3,3,4,5,3,2,4,3,4,3,5,4,3,4,5,5,3,4,5,4,5,4,6,3,5,4,2,28,2,6,Women,1
780,2,4,2,3,3,2,4,3,4,4,3,4,3,2,4,3,5,5,2,5,3,6,3,5,7,5,5,3,8,6,6,2,28,4,7,Women,1
934,1,3,2,2,2,1,5,3,4,3,2,3,2,3,4,1,5,9,5,9,1,1,1,9,1,9,5,5,7,2,7,1,70,1,7,Men,1
412,4,2,1,2,4,4,3,4,4,5,3,3,2,4,4,6,4,7,3,5,1,1,6,9,6,6,4,3,5,3,7,2,42,3,2,Women,1
992,2,3,3,1,1,2,1,4,4,2,2,1,4,2,4,5,6,5,1,5,1,7,6,5,6,6,5,3,5,4,5,2,46,1,2,Women,1
1158,1,3,1,1,1,1,2,1,2,1,2,2,2,2,5,2,3,2,1,7,1,1,1,6,1,3,3,6,6,6,3,1,51,4,1,Men,1
761,1,3,4,2,4,4,4,4,4,2,4,4,3,2,5,5,5,4,7,7,3,6,5,8,7,8,7,5,4,5,8,2,33,2,6,Women,1
717,1,2,3,1,2,2,1,2,3,5,1,1,2,2,4,2,1,1,1,1,1,2,1,2,2,5,2,1,2,1,4,1,37,1,5,Men,1
807,5,5,5,5,5,5,5,5,5,5,5,5,5,1,5,9,9,9,9,9,9,9,9,9,9,9,9,5,9,9,9,1,40,4,1,Men,1
1188,5,5,1,1,5,1,1,1,5,5,5,5,1,1,5,7,3,8,2,3,3,3,5,7,6,7,3,2,3,7,9,2,29,2,6,Women,1
630,1,4,3,3,4,1,4,2,4,5,1,4,2,1,4,5,5,1,2,7,6,3,1,7,3,7,6,1,5,6,7,1,33,4,1,Men,1
428,2,4,2,4,3,3,4,3,3,4,2,4,4,4,3,3,2,7,5,5,6,7,8,8,7,4,5,4,3,5,7,1,35,2,4,Men,1
649,3,3,2,2,2,3,2,2,3,2,4,4,2,1,4,5,5,4,3,4,5,5,4,5,5,2,5,3,5,5,5,2,53,1,1,Women,1
1002,1,2,1,1,2,1,1,1,2,5,2,2,2,1,2,2,3,7,1,3,8,1,3,8,3,4,5,5,3,2,3,1,67,4,3,Men,1
1300,4,4,5,2,3,4,4,5,4,4,4,5,3,2,5,4,5,9,4,5,3,8,5,9,8,7,5,2,6,5,7,2,44,3,6,Women,1
974,5,5,2,4,3,2,5,5,5,4,3,3,1,2,5,6,5,7,1,9,8,7,3,9,6,9,7,5,7,5,9,2,39,1,2,Women,1
727,3,3,3,3,3,3,3,3,3,3,3,3,3,3,4,4,5,5,4,5,5,5,5,5,5,5,5,5,5,5,6,2,33,1,2,Women,1
492,4,4,4,2,1,3,4,3,3,5,2,4,3,5,4,5,3,7,2,5,5,3,5,5,4,7,5,5,7,5,3,2,41,3,6,Women,1
2968,1,3,4,2,4,2,3,4,5,5,4,4,5,3,5,5,4,6,5,5,2,7,1,6,4,7,7,6,8,6,6,2,32,3,6,Women,1
682,1,3,3,2,1,1,3,4,1,4,1,3,3,2,1,5,5,1,3,5,6,5,4,2,5,5,5,4,3,4,5,1,42,1,1,Men,1
861,4,4,2,2,2,1,2,2,2,4,2,2,2,2,3,5,7,5,4,5,5,6,5,6,5,6,6,5,4,6,6,2,30,4,1,Women,1
610,2,2,5,4,4,3,4,4,5,5,4,4,1,1,5,5,7,7,9,7,1,4,9,6,2,8,8,7,3,8,8,2,31,2,6,Women,1
1141,2,2,2,2,2,2,4,2,4,3,3,4,3,3,3,2,3,5,2,5,4,5,3,5,5,2,5,2,7,3,7,2,38,3,6,Women,1
1051,2,4,4,3,1,3,4,4,5,2,3,4,4,2,4,6,6,4,4,6,2,6,5,7,7,6,6,4,6,4,7,2,41,3,6,Women,1
490,1,3,3,1,4,1,2,3,4,2,1,1,2,3,4,5,5,6,3,5,1,6,2,6,5,3,5,5,4,5,6,1,38,1,3,Men,1
889,2,3,5,3,2,2,4,4,5,4,2,4,3,2,4,4,5,5,3,5,8,6,4,4,6,5,5,5,6,4,5,2,34,2,6,Women,1
1276,1,2,1,1,2,1,1,2,3,2,2,1,2,2,4,1,2,7,1,1,2,3,1,7,3,2,5,2,6,2,6,1,58,4,3,Men,1
937,4,4,4,4,4,4,4,4,4,4,4,4,4,4,4,5,5,6,5,5,7,5,6,6,5,7,5,7,6,5,7,1,35,2,1,Men,1
1078,4,4,1,2,2,3,3,1,4,4,4,3,1,3,5,4,5,8,5,4,4,1,4,7,1,4,5,4,4,5,7,2,47,4,7,Women,1
479,5,5,5,2,5,2,5,5,5,5,4,5,2,5,5,8,2,9,8,9,2,5,8,8,9,9,8,5,2,9,9,1,30,4,2,Men,1
506,3,3,1,2,2,3,3,3,3,4,3,3,2,3,5,5,6,9,2,6,5,4,6,5,5,3,3,5,9,1,6,1,42,4,3,Men,1
462,2,3,2,3,2,4,4,2,4,5,4,4,2,2,5,3,3,6,6,7,8,3,3,7,2,6,5,3,7,3,4,2,21,1,5,Women,1
698,5,5,5,5,5,5,2,5,3,5,5,5,5,4,5,5,1,9,6,9,5,6,9,9,6,9,8,9,5,5,9,2,30,2,6,Women,1
1014,1,4,1,3,3,1,5,1,5,1,5,4,1,1,5,1,7,9,1,8,5,5,1,8,5,7,7,1,9,7,8,1,45,4,1,Men,1
695,2,3,5,3,3,2,4,3,4,3,3,4,5,2,5,5,8,6,3,7,9,5,2,6,7,9,6,4,7,7,5,1,39,4,1,Men,1
981,2,2,3,1,2,1,3,3,4,3,1,2,4,2,3,5,3,5,4,3,2,5,3,7,7,8,5,3,7,3,7,1,52,4,1,Men,1
755,4,2,1,3,2,2,2,2,4,3,4,3,2,2,4,5,7,6,5,5,1,3,4,3,3,4,7,4,2,5,5,1,40,4,3,Men,1
924,3,5,3,2,2,2,3,3,5,2,4,4,3,2,4,5,7,3,6,5,5,5,3,7,6,7,7,5,6,5,9,2,47,1,6,Women,1
1221,2,3,1,1,1,2,3,1,3,2,3,3,1,2,4,3,5,6,3,6,1,1,3,7,4,4,5,5,4,4,7,2,34,3,1,Women,1
885,1,4,2,2,2,1,2,3,4,3,1,2,2,1,4,4,4,2,2,2,2,7,2,4,5,5,5,3,4,2,5,2,20,1,5,Women,1
1012,3,2,2,3,2,1,2,2,3,4,2,4,3,2,4,5,5,7,2,5,1,5,1,8,5,3,5,5,5,3,4,1,40,6,1,Men,1
1394,3,2,4,1,1,1,1,5,4,3,1,4,3,2,5,4,6,6,3,5,3,5,8,6,7,7,5,5,8,2,8,2,32,4,6,Women,1
446,2,1,2,2,4,3,1,3,4,3,2,1,4,1,5,6,3,7,1,4,9,7,2,7,2,8,4,5,6,5,7,2,35,4,2,Women,1
706,1,1,1,1,2,1,1,1,1,1,1,1,1,1,2,1,1,6,2,3,1,2,1,5,1,4,2,3,2,1,5,1,33,1,1,Men,1
665,2,3,3,2,1,3,2,3,4,3,2,2,3,3,4,5,5,8,4,8,2,6,3,8,6,5,6,5,6,4,6,2,31,4,1,Women,1
554,3,4,3,3,3,3,4,3,4,4,3,4,2,3,4,5,5,6,4,6,5,7,5,6,6,5,5,6,6,4,7,2,55,1,1,Women,1
583,3,3,4,3,1,3,3,4,3,3,4,3,3,2,3,5,5,5,7,9,5,5,9,6,8,9,5,4,5,5,5,2,31,1,6,Women,1
594,5,4,4,5,4,4,4,4,5,4,4,4,4,4,5,7,7,7,6,7,7,7,6,7,8,8,7,3,6,6,7,2,27,4,3,Women,1
538,4,3,4,3,4,2,4,4,3,4,3,2,3,3,3,5,6,6,5,5,3,6,5,6,5,6,4,3,6,5,5,2,35,4,1,Women,1
575,4,5,3,4,5,1,4,4,5,5,4,4,3,4,5,7,5,8,2,7,8,4,6,7,6,5,6,6,7,6,9,2,27,4,1,Women,1
785,5,5,3,4,4,5,5,3,5,3,4,5,3,3,5,5,5,6,5,7,7,3,5,8,5,5,7,4,6,6,9,2,35,2,6,Women,1
651,4,3,4,4,4,4,4,4,4,4,4,4,4,3,4,5,5,7,4,7,1,7,6,8,6,9,6,7,8,7,7,2,55,3,1,Women,1
466,4,4,4,4,4,2,2,4,2,4,4,4,2,4,4,5,6,7,4,8,8,8,6,8,7,7,5,4,8,5,7,2,35,1,1,Women,1
569,4,4,2,3,4,5,4,2,5,2,4,3,1,3,4,6,3,5,3,7,8,3,3,8,4,3,6,5,5,5,8,1,34,4,1,Men,1
640,4,4,1,3,3,2,4,1,1,2,4,4,1,2,4,3,2,5,2,5,2,1,2,7,1,6,4,3,4,4,7,1,38,2,1,Men,1
831,4,4,2,3,2,3,4,4,4,4,2,4,4,1,4,3,3,6,5,7,2,7,4,6,6,5,5,3,5,5,7,2,40,5,6,Women,1
774,2,1,1,2,2,1,1,1,5,4,4,2,1,2,4,2,6,5,3,5,1,1,1,4,1,2,3,4,7,3,3,1,44,1,3,Men,1
2458,4,5,3,2,2,1,4,4,5,5,3,3,3,1,4,5,5,7,1,6,1,5,4,5,5,7,6,2,4,1,6,2,32,4,6,Women,1
735,1,2,1,1,2,1,3,1,4,4,2,2,2,2,4,1,2,4,3,6,1,2,1,8,3,5,5,3,5,2,6,1,47,1,1,Men,1
450,1,1,1,1,1,1,1,1,1,1,1,1,1,1,1,1,1,1,1,1,5,1,1,1,1,1,1,1,5,1,5,2,21,1,3,Women,1
727,1,1,1,1,2,1,2,1,4,3,1,2,1,2,4,1,3,5,1,5,2,1,1,4,1,4,5,1,4,1,5,2,34,4,2,Women,1
817,1,4,5,5,2,1,4,4,4,5,2,5,4,4,4,2,4,4,6,3,1,2,2,6,3,2,1,3,4,1,7,2,27,1,6,Women,1
372,3,5,4,4,3,4,3,4,4,4,2,3,4,4,4,7,5,5,4,5,5,8,3,5,7,6,5,5,7,4,7,2,26,4,1,Women,1
653,4,2,2,2,2,4,2,2,4,4,4,4,2,2,4,6,7,5,3,6,7,2,3,7,2,6,6,6,3,4,6,1,23,4,1,Men,1
579,4,2,2,4,2,4,3,2,4,4,4,2,4,4,3,4,6,3,6,5,6,5,3,4,4,5,5,4,5,5,5,1,48,2,3,Men,1
688,3,4,3,3,4,4,4,3,5,5,4,4,3,3,5,5,6,7,4,6,6,6,5,5,6,5,6,5,7,5,5,2,29,4,1,Women,1
1581,1,2,4,1,2,1,1,4,4,4,2,2,1,1,2,2,6,5,4,4,3,6,1,7,7,3,5,2,6,3,7,1,42,1,3,Men,1
615,5,3,2,1,2,4,4,2,4,4,4,4,3,1,5,3,1,9,2,6,8,6,5,9,4,9,8,3,9,3,8,2,27,3,1,Women,1
1445,2,2,2,2,2,1,1,3,4,2,1,2,1,2,4,2,4,6,2,5,8,4,3,7,5,3,5,3,5,4,6,2,50,3,6,Women,1
583,3,4,3,3,3,3,4,4,3,4,4,4,4,3,4,5,5,5,5,6,5,6,5,6,6,5,5,5,6,5,6,1,41,1,1,Men,1
574,2,4,2,2,2,2,2,4,3,4,3,4,3,4,4,2,2,8,3,4,4,2,1,8,5,6,5,3,5,3,6,1,26,6,1,Men,1
625,2,3,5,2,2,1,3,5,3,2,2,5,5,2,4,7,5,5,3,5,1,9,3,5,5,6,5,4,5,5,9,2,38,4,6,Women,1
962,4,4,4,3,2,3,3,5,2,3,4,3,2,2,2,5,5,9,2,5,8,7,1,7,9,1,7,5,5,5,9,2,37,1,6,Women,1
708,2,4,1,1,4,1,2,1,4,2,3,2,1,2,4,5,6,6,6,6,8,1,2,7,2,7,6,3,9,7,8,2,27,1,6,Women,1
1751,4,4,4,2,2,4,4,4,2,4,4,4,4,2,5,4,7,9,6,9,7,7,9,9,7,9,6,3,9,9,9,1,43,2,1,Men,1
922,3,4,1,2,4,3,3,2,2,4,4,2,2,2,4,6,5,6,6,6,5,2,2,6,2,5,6,2,6,5,6,2,37,1,6,Women,1
658,1,1,2,2,4,1,1,1,4,3,2,2,1,4,5,2,2,8,2,3,1,2,2,5,2,4,3,3,3,3,4,1,44,4,1,Men,1
639,4,1,2,3,2,2,3,2,4,4,4,2,2,4,4,3,5,7,3,5,1,5,2,5,2,5,2,4,1,2,5,1,32,4,1,Men,1
1637,1,1,1,2,1,1,1,2,1,4,1,1,1,2,1,1,1,1,1,1,1,1,1,6,1,1,1,1,1,1,3,2,36,3,6,Women,1
833,3,3,3,3,3,2,3,1,3,3,1,3,3,3,3,5,5,5,4,5,6,5,5,6,5,6,5,5,6,5,6,2,45,3,6,Women,1
2366,1,4,1,3,4,2,2,1,4,4,1,4,3,4,4,7,1,5,1,7,1,1,5,2,5,1,8,6,7,5,8,2,40,4,1,Women,1
797,4,4,4,4,4,4,2,4,4,4,4,2,4,2,4,7,6,7,5,7,5,6,6,8,7,8,6,4,7,5,7,1,38,1,6,Men,1
1007,2,2,2,2,1,1,2,2,4,2,1,3,4,1,2,1,8,6,1,5,1,5,1,8,1,5,5,5,6,2,8,1,46,1,2,Men,1
1153,4,2,1,2,4,4,4,2,5,4,5,2,4,4,5,1,8,9,3,8,3,2,5,7,2,8,6,4,8,5,8,1,46,2,1,Men,1
839,2,2,3,2,1,2,3,3,1,3,1,2,2,3,1,1,5,4,1,3,3,4,1,8,6,6,6,2,5,3,7,2,70,3,7,Women,1
1002,4,4,2,4,2,4,4,2,5,4,4,4,4,4,5,5,5,8,6,5,6,3,8,7,3,5,2,5,5,4,8,1,52,2,3,Men,1
680,2,2,3,2,2,2,2,3,3,4,5,3,3,4,5,5,5,8,3,4,3,7,5,5,5,6,5,5,8,5,7,1,38,4,3,Men,1
578,3,2,2,3,4,3,1,4,4,2,3,3,3,3,3,1,4,2,3,2,1,3,2,5,2,3,3,2,4,3,1,1,37,5,2,Men,1
643,1,3,3,2,1,1,2,3,1,2,2,3,2,3,2,2,5,6,1,6,2,3,3,4,4,3,4,4,6,2,5,1,31,4,1,Men,1
777,2,2,2,1,2,2,2,3,3,4,2,2,1,1,5,1,1,2,1,2,3,2,1,5,2,1,2,5,5,2,5,2,39,4,6,Women,1
838,1,2,2,1,2,1,3,4,4,2,1,1,4,4,1,2,8,9,5,1,1,7,1,5,5,1,1,1,6,1,8,1,45,2,1,Men,1
3007,2,2,2,2,5,4,4,4,2,4,4,4,2,2,5,5,4,8,6,6,7,5,4,7,5,7,5,5,7,4,7,2,30,4,1,Women,1
987,3,4,1,5,3,1,4,1,4,4,2,4,3,3,4,5,5,7,5,6,1,5,1,5,5,5,5,5,6,5,5,1,42,4,1,Men,1
979,2,2,1,1,3,1,2,1,1,4,2,2,1,3,4,5,2,5,2,5,5,2,2,5,2,5,5,5,6,3,6,1,32,1,3,Men,1
927,1,4,2,2,2,2,4,2,5,5,4,4,1,2,5,6,5,4,4,4,1,4,2,7,1,7,2,2,3,6,7,2,26,3,1,Women,1
820,1,2,1,2,2,2,2,1,4,2,2,4,2,1,4,3,4,7,1,2,2,5,2,7,5,1,5,2,4,2,6,1,42,4,1,Men,1
706,5,4,5,5,4,5,4,5,4,5,4,5,4,4,5,7,7,9,6,7,5,7,9,9,8,9,7,7,8,7,8,2,47,6,3,Women,1
2016,2,2,2,2,2,1,2,2,4,3,2,2,2,2,3,2,2,2,1,2,1,2,1,5,2,2,2,3,2,2,3,1,40,6,3,Men,1
841,2,1,1,1,1,2,1,1,2,2,2,2,1,1,2,4,5,6,6,6,2,4,4,6,4,7,6,6,6,5,7,2,44,2,1,Women,1
486,3,3,3,3,5,3,3,2,3,4,2,3,3,3,3,5,5,8,5,5,2,5,5,5,5,5,5,3,5,5,5,1,31,4,6,Men,1
643,2,1,1,2,1,2,2,2,4,4,1,1,4,2,4,1,5,1,1,5,2,5,2,5,2,3,5,1,6,2,4,1,22,4,4,Men,1
855,2,3,1,4,3,2,2,1,4,5,3,2,1,5,5,1,4,6,2,5,3,2,2,4,1,5,5,5,6,5,6,1,38,2,1,Men,1
496,1,2,1,2,2,1,5,1,2,2,2,4,2,1,4,1,2,3,1,5,1,5,4,5,3,1,5,5,6,2,6,1,35,4,3,Men,1
943,4,4,2,4,2,3,3,2,4,4,4,2,3,4,4,5,4,6,4,5,8,4,3,6,4,8,5,6,6,5,8,2,29,1,2,Women,1
964,1,3,3,1,1,2,2,2,3,2,3,2,3,1,3,1,1,2,1,3,1,2,1,3,1,1,5,2,2,2,5,2,33,4,6,Women,1
763,2,3,2,2,3,1,1,2,1,3,2,2,1,2,3,3,5,5,3,5,5,2,3,5,2,4,5,3,5,5,6,1,35,1,7,Men,1
742,3,2,2,2,3,3,2,3,4,2,2,3,2,2,5,5,4,8,5,6,5,5,5,6,3,7,4,3,4,5,7,2,21,1,5,Women,1
758,3,1,3,1,1,1,1,3,1,2,3,1,1,4,5,5,5,5,2,6,3,5,3,7,5,2,5,5,6,5,5,1,42,1,3,Men,1
309,4,2,1,3,2,3,2,1,5,4,3,2,3,3,4,2,4,7,5,7,6,4,7,6,4,5,6,5,7,5,6,2,28,4,3,Women,1
1267,3,4,1,3,3,3,2,1,5,4,4,4,4,4,4,5,5,7,5,5,2,4,2,6,4,6,5,6,4,6,7,2,32,2,8,Women,1
966,1,2,1,2,1,2,1,1,5,5,2,1,1,1,5,1,1,9,5,5,5,5,2,7,5,5,5,5,8,5,6,1,41,4,6,Men,1
1309,4,3,3,4,4,3,4,4,4,5,4,3,4,4,4,6,6,7,5,5,5,6,5,7,7,5,5,5,7,5,7,2,39,2,2,Women,1
571,3,3,2,2,2,2,3,2,4,4,3,2,2,3,4,3,4,5,4,5,3,4,4,6,3,5,5,5,6,5,6,2,42,2,3,Women,1
1107,3,1,4,4,3,2,3,5,5,2,1,3,4,3,4,2,7,6,4,6,5,4,4,7,7,6,5,2,6,2,8,2,27,4,6,Women,1
679,2,4,3,2,2,2,2,2,2,1,1,3,3,3,1,5,4,8,5,5,6,9,3,7,8,7,6,4,4,5,7,2,34,2,1,Women,1
460,2,3,1,1,2,1,4,1,2,2,2,4,1,2,4,2,1,8,3,5,7,2,7,6,5,8,5,3,2,2,7,2,22,1,5,Women,1
1771,1,2,2,3,2,1,2,1,5,3,2,2,2,1,2,7,6,4,6,7,6,6,1,7,5,6,5,5,4,4,6,2,28,4,6,Women,1
608,3,4,2,3,4,3,3,2,5,4,3,3,2,3,5,5,5,6,5,5,4,5,5,5,5,5,5,6,7,5,5,2,25,4,6,Women,1
1165,1,4,1,2,1,1,1,1,4,5,2,4,1,1,4,1,3,6,4,7,9,2,2,8,4,8,7,3,8,4,8,1,28,4,1,Men,1
1246,4,4,3,5,3,3,1,4,4,2,3,4,3,2,4,5,3,6,4,6,3,5,5,5,5,8,6,5,5,5,8,2,24,1,2,Women,1
887,2,2,3,1,1,1,2,2,4,4,2,1,3,2,2,2,2,7,1,4,3,4,1,5,2,2,5,5,6,2,6,1,23,1,5,Men,1
791,3,2,4,2,4,4,4,4,4,2,3,2,2,4,4,6,4,4,6,4,1,4,3,6,3,7,8,6,7,6,6,1,43,6,3,Men,1
755,3,3,3,3,3,3,3,3,3,4,3,3,3,2,3,5,5,5,4,4,4,5,5,5,5,5,5,5,6,5,5,2,37,4,6,Women,1
466,4,2,1,2,3,2,3,3,4,5,2,1,4,4,4,3,4,7,4,7,3,4,3,3,3,7,5,4,7,5,7,2,38,4,1,Women,1
2245,5,5,5,5,5,5,1,5,5,5,5,1,5,5,5,5,5,6,7,1,5,8,7,5,5,1,5,5,1,7,1,2,48,4,7,Women,1
1437,3,4,5,5,5,5,4,5,5,5,5,5,4,4,5,5,6,2,4,5,1,6,1,6,9,6,5,5,5,5,5,1,49,1,1,Men,1
977,3,3,2,2,5,2,2,4,5,5,2,4,4,5,5,3,5,7,3,5,8,3,3,9,7,8,5,3,7,5,9,1,31,4,1,Men,1
903,2,1,1,2,1,2,2,1,2,2,2,2,2,2,4,2,3,5,3,5,5,3,2,4,3,2,4,4,3,2,6,1,41,6,1,Men,1
845,4,4,3,4,3,3,4,3,4,4,4,3,3,3,4,5,5,7,5,5,5,5,5,7,5,5,5,5,5,5,6,2,22,1,8,Women,1
1831,4,1,2,2,3,3,2,2,4,2,3,4,3,3,5,1,3,8,3,5,2,3,2,5,5,7,5,5,4,5,2,1,41,1,3,Men,1
532,2,2,4,4,4,2,2,4,4,4,4,2,4,2,4,6,7,6,4,5,4,5,4,7,5,7,4,4,6,4,8,2,34,1,3,Women,1
926,1,2,4,2,4,1,5,5,5,3,3,4,2,3,4,5,5,6,1,3,8,8,1,6,5,4,4,5,5,2,4,2,39,2,3,Women,1
1127,4,4,3,2,2,4,3,4,4,4,4,3,2,3,4,3,6,8,6,8,4,4,7,9,6,8,6,4,7,5,8,1,41,1,1,Men,1
725,3,4,2,2,2,2,2,2,4,4,3,2,4,2,5,4,4,6,3,6,2,5,3,6,3,5,6,4,7,4,4,2,43,1,2,Women,1
476,1,1,1,1,2,2,1,1,2,2,1,2,1,1,1,1,1,1,1,1,3,1,1,2,1,1,1,1,2,2,2,2,41,4,1,Women,1
516,2,3,4,2,2,2,3,4,2,4,3,3,3,3,2,5,5,8,5,8,4,8,8,8,5,7,5,5,5,5,4,2,47,1,2,Women,1
536,2,3,4,2,3,2,3,4,3,4,2,2,2,3,3,5,6,4,2,6,3,5,2,7,4,3,5,5,5,5,5,2,43,2,3,Women,1
338,3,3,4,4,5,2,4,3,4,5,4,4,3,4,4,4,4,5,3,5,4,7,3,6,5,6,4,6,7,5,6,1,46,1,1,Men,1
949,4,4,4,2,2,3,4,3,4,2,4,5,5,2,3,7,4,3,6,4,5,9,4,6,9,7,6,4,3,5,7,1,72,4,7,Men,1
378,2,2,2,2,3,2,3,2,2,3,3,2,2,3,4,2,5,6,2,5,1,4,2,5,4,5,5,5,6,5,3,2,40,4,6,Women,1
1247,1,4,1,2,3,1,5,1,4,4,1,4,1,2,5,5,2,5,2,3,5,1,1,6,5,2,5,5,1,5,8,2,29,1,6,Women,1
524,3,3,2,3,2,4,1,3,3,2,3,2,3,3,4,5,6,4,5,5,5,6,5,6,7,7,5,2,5,5,8,2,34,3,6,Women,1
1030,3,3,4,3,3,3,3,4,5,4,3,4,4,4,4,5,6,6,5,5,3,6,6,5,6,4,5,5,7,4,6,2,52,3,3,Women,1
882,5,1,3,1,1,3,1,3,3,4,1,5,3,1,3,7,6,5,6,5,6,5,5,5,5,8,5,6,7,5,7,2,29,1,6,Women,1
473,2,2,3,2,3,3,3,3,4,4,4,4,4,2,5,6,4,9,2,6,6,6,6,8,7,7,3,4,7,2,8,1,32,4,3,Men,1
596,4,4,5,3,4,3,4,5,4,4,3,4,5,5,4,6,5,5,7,5,6,7,7,6,7,5,5,5,6,5,7,1,42,4,1,Men,1
1236,2,5,4,2,3,4,3,4,5,2,2,2,4,3,4,5,2,4,2,5,1,5,1,6,5,7,2,3,4,2,7,2,28,1,6,Women,1
798,2,4,3,2,4,4,4,4,3,4,2,5,3,1,4,6,5,2,1,7,6,7,4,9,7,7,6,5,8,3,7,2,33,3,6,Women,1
686,3,4,4,3,3,3,3,3,4,3,3,3,3,3,4,5,5,5,4,5,4,5,3,6,5,7,5,4,5,5,6,2,49,3,6,Women,1
575,2,4,2,2,3,2,3,3,4,3,3,4,2,2,3,5,7,4,5,5,5,3,3,6,5,6,5,5,6,5,6,2,52,3,2,Women,1
549,4,3,3,4,3,3,3,3,4,3,3,4,3,3,4,5,5,7,5,5,6,5,5,6,5,5,5,5,6,5,5,2,50,3,2,Women,1
686,4,4,4,2,2,2,4,5,4,4,3,5,3,2,5,6,3,5,3,4,4,3,7,8,5,7,5,6,8,3,7,2,31,4,3,Women,1
974,3,4,4,4,1,3,3,3,5,4,2,3,4,2,4,5,5,5,5,5,3,5,4,5,6,6,5,5,8,5,6,2,36,2,2,Women,1
489,4,4,1,5,5,2,2,1,4,5,1,2,4,1,5,1,1,6,4,8,1,3,2,6,6,6,7,7,8,3,6,1,31,6,1,Men,1
438,2,1,1,1,1,1,1,1,2,1,1,1,1,1,3,1,1,3,1,3,1,1,1,3,1,3,3,2,1,1,2,1,56,4,3,Men,1
1134,1,2,3,1,2,1,1,2,1,2,3,1,1,2,2,1,5,5,4,5,1,7,1,7,5,7,5,1,6,4,8,2,54,1,6,Women,1
529,4,3,4,4,4,3,4,4,4,4,2,4,4,4,4,5,6,5,5,6,5,6,5,5,8,8,5,5,4,5,7,2,37,4,2,Women,1
366,3,3,3,3,3,2,3,3,3,4,2,3,2,4,4,5,5,6,3,4,3,4,5,5,2,5,4,6,6,5,5,1,49,1,3,Men,1
341,2,3,1,4,2,2,4,2,5,4,2,4,3,2,4,3,3,5,5,6,3,5,6,6,3,6,4,2,6,4,4,2,27,3,1,Women,1
1120,2,4,5,2,4,2,3,5,5,4,4,4,3,4,5,6,7,7,4,5,5,8,3,7,8,8,5,2,8,4,8,2,38,1,6,Women,1
701,1,4,4,4,4,3,2,5,3,2,4,2,4,4,4,5,6,4,3,5,9,8,3,9,5,7,6,3,4,7,8,1,51,1,6,Men,1
290,1,2,1,2,1,1,1,1,1,2,1,1,1,1,1,1,5,5,1,1,1,1,1,5,1,5,1,5,5,5,5,2,30,4,6,Women,1
1094,3,3,1,2,2,1,1,1,5,2,2,2,1,1,4,1,2,9,2,4,1,2,3,3,2,2,5,1,2,2,7,2,50,4,6,Women,1
1247,2,3,4,3,2,2,2,4,3,4,1,2,1,2,4,1,3,5,3,5,3,2,5,7,5,3,6,4,7,2,6,2,57,1,6,Women,1
922,3,4,1,2,2,3,2,3,3,2,3,3,3,3,4,4,2,6,4,5,2,3,2,5,2,5,5,3,5,3,2,1,42,4,3,Men,1
720,2,2,1,4,2,2,5,1,4,2,3,2,2,2,4,2,2,6,1,5,2,1,1,7,5,8,5,2,2,5,8,2,42,6,2,Women,1
563,1,2,1,4,1,1,2,1,4,3,1,3,3,1,4,2,5,5,2,6,5,2,2,7,3,8,4,2,2,1,6,2,26,4,6,Women,1
1042,2,4,1,2,2,1,3,1,5,4,4,4,2,2,4,5,6,5,2,6,1,1,1,8,5,7,5,2,4,5,8,2,39,3,6,Women,1
620,1,2,2,2,3,1,2,3,4,4,2,2,3,2,1,2,2,7,2,3,2,2,2,5,3,4,4,5,5,3,5,1,40,1,1,Men,1
524,5,5,5,5,5,5,5,5,5,5,4,5,5,5,5,9,9,5,5,5,9,9,9,9,9,7,5,5,9,5,9,2,34,4,4,Women,1
549,3,3,2,2,2,3,2,2,4,4,3,2,4,1,4,4,5,5,1,5,1,2,2,4,2,6,4,3,2,4,8,2,24,4,6,Women,1
345,4,1,2,1,1,1,1,2,4,2,3,1,1,1,2,1,1,7,1,4,1,1,1,5,1,1,5,3,2,1,5,1,34,4,2,Men,1
1384,2,4,3,2,1,2,4,2,4,3,1,2,3,2,2,5,7,5,1,6,1,5,5,9,5,1,5,4,4,1,5,2,40,4,2,Women,1
534,5,5,4,5,5,4,3,5,5,3,4,5,4,3,5,5,6,5,7,6,6,5,7,5,6,7,5,5,7,6,5,2,27,4,1,Women,1
585,1,2,4,1,2,1,1,4,5,4,2,1,2,4,4,1,6,4,2,6,1,8,2,7,8,6,5,3,7,6,4,1,38,4,1,Men,1
397,5,4,5,5,4,2,3,4,4,4,3,4,2,4,4,6,7,1,1,6,1,3,6,7,4,7,6,2,6,2,8,1,22,1,1,Men,1
1364,3,2,2,2,2,2,2,2,2,2,2,2,2,2,3,4,3,3,3,4,2,3,3,3,3,3,3,4,4,4,5,1,25,4,1,Men,1
1609,4,5,1,2,5,1,4,1,5,5,5,4,5,5,5,6,5,5,5,6,8,2,8,9,3,7,6,7,4,3,9,1,18,1,5,Men,1
874,2,2,2,2,3,3,2,3,4,4,3,2,3,3,3,2,3,6,3,3,5,3,2,6,5,3,5,5,7,5,6,2,23,4,1,Women,1
1878,1,3,1,1,1,1,1,2,2,1,2,4,1,1,1,1,2,7,1,1,1,1,1,5,1,1,1,2,1,1,2,1,59,4,7,Men,1
767,1,1,3,2,1,1,1,1,3,2,1,2,3,1,2,1,1,3,1,3,1,6,1,5,4,3,3,1,2,5,5,2,40,4,6,Women,1
660,3,4,1,2,4,2,4,3,4,2,5,4,2,4,5,4,5,8,1,6,1,1,1,8,5,7,6,6,8,2,9,2,50,3,6,Women,1
664,2,4,2,3,2,2,3,2,3,4,2,3,2,2,4,4,6,4,4,5,1,2,3,5,3,4,5,3,6,4,7,2,40,4,3,Women,1
960,3,2,2,2,4,2,3,1,4,2,4,3,1,4,5,6,5,5,5,5,6,3,5,7,4,6,5,4,3,6,6,2,26,1,1,Women,1
940,1,3,2,1,1,2,2,2,2,3,4,1,2,1,4,2,3,5,5,5,2,2,3,5,3,6,5,5,2,3,7,2,40,1,6,Women,1
1041,3,2,5,3,3,2,3,5,5,4,3,4,5,2,5,8,5,5,5,8,6,9,8,9,9,8,5,6,6,5,7,2,44,4,6,Women,1
612,4,4,2,2,3,2,4,4,4,4,2,4,2,2,5,4,5,5,5,5,1,6,5,6,5,6,5,3,6,5,7,2,31,6,1,Women,1
519,1,4,2,2,3,1,2,2,5,5,1,3,1,2,4,4,5,7,5,6,3,5,2,6,5,8,6,3,5,3,7,2,26,1,6,Women,1
782,1,2,2,2,1,1,1,2,1,2,1,1,1,1,1,3,4,8,2,5,5,2,4,7,2,6,5,5,6,4,8,1,54,4,3,Men,1
1688,1,1,1,2,2,1,3,2,1,2,1,3,1,1,2,2,2,5,3,5,4,2,3,5,3,3,3,2,2,3,5,1,22,4,5,Men,1
643,4,4,3,3,3,3,4,4,4,4,3,4,4,4,4,5,5,6,5,5,6,5,6,6,5,5,5,6,5,5,5,1,36,2,4,Men,1
686,2,2,4,1,4,3,3,4,2,4,3,4,2,1,4,3,5,2,2,5,1,7,6,7,7,6,5,6,2,4,4,1,19,1,5,Men,1
2394,4,4,1,2,2,2,2,1,4,4,2,2,1,2,4,4,6,7,3,3,2,2,3,6,2,5,5,5,5,3,7,2,42,4,2,Women,1
899,2,3,2,4,5,4,3,4,5,5,4,2,2,5,5,7,7,9,5,8,3,9,6,9,8,7,6,4,8,7,8,2,48,2,2,Women,1
555,2,1,1,2,2,2,2,1,5,4,1,3,2,3,4,1,1,4,1,2,1,1,2,2,2,2,2,2,4,2,4,2,21,1,5,Women,1
421,3,2,1,1,1,2,1,2,4,4,3,1,2,2,2,1,5,6,4,6,3,2,4,7,4,6,6,5,5,5,8,1,37,4,1,Men,1
614,1,3,1,2,3,2,3,1,4,4,3,2,1,2,5,4,2,6,2,5,5,2,5,5,5,5,5,3,7,4,6,2,42,4,6,Women,1
818,1,4,1,2,2,4,5,1,5,4,4,4,1,2,5,5,5,9,5,5,5,1,2,7,5,7,7,5,6,6,7,2,24,2,7,Women,1
627,2,2,2,2,2,2,2,4,4,2,2,2,4,4,2,3,4,4,2,4,2,3,2,6,4,7,5,4,6,3,6,2,39,4,6,Women,1
609,2,2,3,1,3,3,1,2,4,4,4,2,1,2,5,3,4,4,3,4,3,5,4,6,6,6,4,4,4,3,6,2,21,1,2,Women,1
1028,4,5,3,2,4,3,5,3,5,4,5,4,3,3,5,6,5,5,3,4,5,5,6,7,4,7,5,4,8,5,9,2,48,3,6,Women,1
553,1,2,5,3,3,3,1,5,2,2,2,1,3,4,4,7,5,3,8,8,9,3,3,9,5,8,6,7,5,5,4,2,41,3,3,Women,1
608,4,4,2,2,1,4,2,4,4,4,4,2,2,2,5,6,3,3,3,5,4,3,3,7,3,6,4,7,6,6,6,1,25,1,5,Men,1
550,3,3,3,2,3,2,2,3,3,3,4,2,3,4,4,5,5,5,2,5,7,5,6,5,5,2,5,5,6,5,7,2,42,4,3,Women,1
929,4,4,4,4,4,3,4,4,5,4,3,4,4,4,4,8,7,5,5,7,5,9,7,7,6,6,6,5,6,5,7,2,39,4,2,Women,1
992,4,4,4,3,4,3,4,4,4,4,3,3,4,2,4,4,4,6,4,6,3,4,7,7,6,7,5,4,5,6,7,1,24,4,2,Men,1
748,4,4,5,5,5,3,5,4,5,3,4,5,4,3,5,5,9,8,8,8,5,9,8,9,7,7,8,5,9,8,9,2,43,2,6,Women,1
470,4,4,4,2,5,4,2,4,5,5,5,4,3,4,4,6,6,4,6,5,5,4,6,7,4,6,5,6,5,5,3,2,23,4,3,Women,1
488,2,4,1,4,2,2,1,3,4,4,2,1,2,2,2,4,1,9,1,4,1,1,6,7,5,1,1,1,6,1,6,1,60,6,2,Men,1
639,2,4,1,3,2,2,4,2,5,2,3,4,2,3,4,1,6,4,5,6,7,3,3,4,5,6,5,5,2,3,6,2,42,2,7,Women,1
742,4,2,2,2,2,2,3,3,3,2,2,2,3,2,4,1,2,2,1,3,4,2,1,5,2,4,4,1,5,1,3,2,39,1,6,Women,1
456,3,3,2,3,5,2,2,2,4,4,5,5,4,1,5,5,5,5,5,5,3,2,2,9,4,9,5,5,3,5,6,2,33,4,6,Women,1
528,3,2,1,2,1,3,2,3,5,3,3,1,1,3,4,1,5,7,3,3,1,3,4,7,6,4,5,3,7,3,4,1,35,2,3,Men,1
766,4,2,1,2,2,4,4,1,4,5,3,4,1,3,5,2,5,6,1,7,1,1,7,8,1,7,5,5,7,6,8,1,42,4,1,Men,1
594,3,4,2,3,4,2,2,3,4,4,2,4,4,2,4,6,6,7,5,5,2,5,4,7,5,8,5,3,6,3,7,2,41,3,6,Women,1
1188,2,2,1,1,2,2,2,1,2,2,2,2,1,2,4,1,1,6,1,1,1,1,1,1,1,3,1,1,1,1,6,2,29,2,1,Women,1
562,2,4,2,2,4,3,2,2,4,4,2,4,2,4,4,6,6,6,6,6,4,4,4,7,4,6,6,3,4,4,7,2,41,4,1,Women,1
681,2,5,4,4,2,2,4,5,5,5,4,4,4,4,4,4,5,9,4,9,1,8,5,9,8,9,5,5,9,8,9,1,28,6,1,Men,1
875,2,4,2,3,2,1,2,3,4,3,1,2,2,1,4,2,6,6,5,4,3,3,2,7,4,6,4,3,5,2,6,2,37,4,1,Women,1
618,1,1,2,1,3,1,2,3,3,4,1,4,2,4,4,1,3,6,2,2,1,1,4,3,4,5,3,1,7,2,5,2,33,4,1,Women,1
679,4,4,4,2,4,2,4,2,4,4,2,5,2,2,4,8,7,7,7,7,3,6,2,8,7,8,6,4,2,8,7,2,32,3,6,Women,1
742,1,3,4,3,2,1,4,4,4,3,2,4,3,1,4,6,6,6,5,5,5,8,4,7,7,6,6,4,7,5,7,2,37,4,6,Women,1
660,1,5,4,4,1,1,4,2,1,2,1,4,3,4,2,2,5,2,1,4,5,8,2,6,3,7,9,3,2,3,5,2,27,4,1,Women,1
557,4,3,3,2,4,3,4,4,5,4,3,4,4,3,4,5,5,5,5,5,5,5,5,8,5,7,5,5,7,5,9,2,32,2,6,Women,1
627,2,2,2,3,4,3,2,2,4,3,4,2,2,4,4,4,4,6,5,7,7,5,4,6,4,6,6,5,4,5,7,2,30,2,3,Women,1
1198,2,2,2,1,2,1,1,4,4,2,1,1,3,4,4,2,5,6,2,3,2,3,2,3,6,3,3,5,7,2,4,2,49,4,6,Women,1
464,3,3,4,4,3,3,2,4,4,3,3,4,4,3,5,5,8,5,5,8,8,8,8,7,6,7,5,5,8,6,8,2,46,5,6,Women,1
468,4,5,5,3,3,2,4,5,5,2,3,4,3,2,5,4,3,4,4,5,2,6,5,7,6,6,5,3,4,4,5,2,39,4,6,Women,1
831,3,2,3,1,2,2,2,4,1,3,2,3,4,2,3,3,5,5,2,4,1,6,2,5,6,6,5,4,6,5,6,2,45,4,2,Women,1
425,3,3,2,3,3,4,4,2,5,4,4,4,4,2,4,5,6,6,5,6,3,5,4,6,6,7,5,3,7,5,7,1,51,4,3,Men,1
526,3,3,3,2,4,2,4,3,4,4,2,4,2,3,3,6,5,6,6,5,7,6,4,6,5,7,5,3,6,6,6,2,36,4,6,Women,1
713,3,4,3,3,4,3,4,3,4,5,3,3,3,4,4,5,5,6,4,5,6,6,6,6,5,5,5,5,6,5,7,1,40,2,2,Men,1
722,4,2,3,3,3,2,4,3,4,4,4,4,3,4,4,6,5,5,5,5,5,5,5,5,5,5,5,5,7,5,9,1,30,4,3,Men,1
602,4,1,2,1,1,1,1,2,5,4,2,2,2,3,1,1,1,1,1,2,3,2,1,3,3,5,1,5,5,1,1,2,39,4,2,Women,1
829,2,5,4,4,2,4,4,5,2,4,1,4,2,1,2,7,6,7,5,8,4,4,8,9,6,5,6,5,7,7,9,2,31,2,2,Women,1
947,4,4,4,5,3,4,5,4,4,5,5,4,4,5,5,7,7,5,5,8,6,9,9,7,9,9,5,5,8,7,8,2,42,1,1,Women,1
569,3,2,1,1,2,2,3,3,2,1,2,5,2,4,4,5,3,9,1,8,1,9,7,5,4,9,7,5,7,5,8,2,40,4,2,Women,1
850,3,3,3,3,3,4,4,3,4,3,4,3,3,4,3,5,5,7,5,5,6,5,5,6,5,5,5,5,5,5,5,1,24,4,1,Men,1
710,2,3,2,2,4,2,3,1,4,3,4,4,1,2,4,4,4,4,5,6,6,1,3,6,1,6,5,4,5,4,6,2,32,4,6,Women,1
710,1,1,1,2,2,1,1,3,3,3,1,1,4,2,3,2,5,5,3,4,2,2,2,3,2,2,5,7,6,3,3,1,57,3,3,Men,1
1282,1,2,1,1,2,1,1,1,4,3,2,2,1,1,2,1,1,8,1,5,9,5,1,6,5,8,5,1,7,1,9,2,51,1,6,Women,1
1627,1,2,1,3,2,3,1,1,3,3,1,2,2,2,2,5,1,5,1,5,1,5,1,5,5,5,5,3,1,3,5,2,29,2,2,Women,1
2316,1,4,1,4,3,2,3,1,4,4,3,3,2,2,4,5,2,5,4,6,1,3,1,3,3,5,5,2,6,2,6,2,26,1,5,Women,1
504,4,3,1,4,4,2,4,2,5,4,4,4,2,4,5,5,5,4,3,5,5,2,7,8,5,6,5,5,6,7,7,1,42,4,1,Men,1
1289,2,3,2,1,1,1,4,1,4,4,2,3,2,2,4,7,2,9,1,3,5,9,3,5,7,1,6,2,7,2,8,2,46,3,3,Women,1
961,1,3,1,2,1,2,4,3,4,2,1,3,5,1,4,5,8,5,1,8,1,2,1,9,5,9,5,2,4,5,8,2,43,3,6,Women,1
1331,4,4,3,2,2,3,4,3,5,4,4,3,3,3,4,5,6,5,5,5,2,5,3,7,4,7,5,4,3,6,7,2,28,2,1,Women,1
2066,2,2,4,3,2,1,2,4,4,4,2,2,4,1,4,3,5,6,4,6,3,6,2,8,6,6,5,4,9,3,7,2,52,1,3,Women,1
727,3,3,4,2,4,3,3,4,4,5,4,3,2,4,5,9,6,9,4,5,3,9,1,9,5,9,9,3,8,5,9,2,43,2,6,Women,1
451,4,2,2,4,4,4,2,1,4,5,4,2,2,4,5,7,8,8,6,6,3,8,8,9,7,8,6,3,7,4,8,2,33,5,2,Women,1